<?xml version="1.0" encoding="UTF-8"?>
<!DOCTYPE fontscolors PUBLIC "-//NetBeans//DTD Editor Fonts and Colors settings 1.2//EN" "https://netbeans.apache.org/dtds/EditorFontsColors-1_2.dtd">
<fontscolors>
    <fontcolor default="comment" name="block-comment"/>
    <fontcolor default="markup-attribute" foreColor="ffa6e22e" name="argument"/>
    <fontcolor name="mod-method">
        <font style="bold"/>
    </fontcolor>
    <fontcolor name="mod-class" waveUnderlined="red"/>
    <fontcolor default="error" name="error"/>
    <fontcolor bgColor="ffe3f2e1" default="default" name="javascript-embedded"/>
    <fontcolor default="argument" foreColor="white" name="operator"/>
    <fontcolor bgColor="ffe3f2e1" default="default" foreColor="black" name="expression-language"/>
    <fontcolor default="entity-reference" name="character"/>
    <fontcolor default="comment" name="sgml-comment"/>
    <fontcolor default="default" foreColor="ff628fb5" name="sgml-declaration"/>
    <fontcolor default="markup-element" foreColor="fff92673" name="tag"/>
    <fontcolor default="default" name="text"/>
    <fontcolor default="whitespace" name="ws"/>
    <fontcolor default="markup-attribute-value" name="value"/>
    <fontcolor bgColor="ffe3f2e1" default="default" name="css-embedded"/>
</fontscolors>
