<?xml version="1.0" encoding="UTF-8"?>
<!DOCTYPE fontscolors PUBLIC "-//NetBeans//DTD Editor Fonts and Colors settings 1.2//EN" "https://netbeans.apache.org/dtds/EditorFontsColors-1_2.dtd">
<fontscolors>
    <fontcolor default="comment" foreColor="ff9cdcf0" name="javadoc-identifier"/>
    <fontcolor name="mod-public"/>
    <fontcolor default="identifier" name="mod-interface-declaration"/>
    <fontcolor default="operator" foreColor="white" name="operator"/>
    <fontcolor default="number" foreColor="ffa7cea8" name="number"/>
    <fontcolor default="char" name="character"/>
    <fontcolor default="identifier" foreColor="ff9cdcfe" name="mod-parameter"/>
    <fontcolor default="comment" name="javadoc-first-sentence">
        <font style="bold"/>
    </fontcolor>
    <fontcolor default="string" name="string-escape">
        <font style="bold"/>
    </fontcolor>
    <fontcolor default="keyword" name="keyword"/>
    <fontcolor default="identifier" foreColor="ff3ac9b0" name="identifier"/>
    <fontcolor default="field" name="mod-field">
        <font style="plain"/>
    </fontcolor>
    <fontcolor default="method" foreColor="ffdccd79" name="mod-method">
        <font style="plain"/>
    </fontcolor>
    <fontcolor default="identifier" name="mod-interface"/>
    <fontcolor default="identifier" foreColor="ffd0dcaa" name="mod-constructor-declaration"/>
    <fontcolor default="comment" foreColor="ff9999ff" name="html-tag">
        <font style="bold"/>
    </fontcolor>
    <fontcolor default="separator" foreColor="white" name="separator"/>
    <fontcolor default="identifier" foreColor="ff9cdcfe" name="mod-parameter-declaration"/>
    <fontcolor default="field" name="mod-record-component-declaration"/>
    <fontcolor foreColor="ffdcdc8b" name="mod-static"/>
    <fontcolor default="character" name="character-escape">
        <font style="bold"/>
    </fontcolor>
    <fontcolor default="identifier" foreColor="ff3ac9b0" name="mod-class-declaration">
        <font style="bold"/>
    </fontcolor>
    <fontcolor default="identifier" name="mod-module"/>
    <fontcolor default="field" foreColor="ff7cdcfe" name="mod-field-declaration">
        <font style="plain"/>
    </fontcolor>
    <fontcolor name="mod-abstract">
        <font style="italic"/>
    </fontcolor>
    <fontcolor default="string" name="string"/>
    <fontcolor default="field" name="mod-record-component"/>
    <fontcolor bgColor="ffeedddd" name="mod-unindented-text-block"/>
    <fontcolor default="identifier" foreColor="ff3ac9b0" name="mod-class">
        <font style="italic"/>
    </fontcolor>
    <fontcolor name="mod-unused" waveUnderlined="ff999999"/>
    <fontcolor default="method" foreColor="ffdcdcaa" name="mod-method-declaration">
        <font style="plain"/>
    </fontcolor>
    <fontcolor default="identifier" name="mod-module-declaration">
        <font style="bold"/>
    </fontcolor>
    <fontcolor default="keyword" foreColor="ffc586c0" name="keyword-directive"/>
    <fontcolor default="keyword" name="literal"/>
    <fontcolor name="mod-deprecated" strikeThrough="black"/>
    <fontcolor default="identifier" name="mod-annotation-type"/>
    <fontcolor default="identifier" name="mod-record"/>
    <fontcolor default="string" name="string-escape-invalid" waveUnderlined="ffce7b00">
        <font style="bold"/>
    </fontcolor>
    <fontcolor default="identifier" foreColor="ff8cdcfe" name="mod-local-variable"/>
    <fontcolor default="keyword" name="mod-keyword"/>
    <fontcolor default="comment" foreColor="ff569cd6" name="javadoc-tag">
        <font style="bold+italic"/>
    </fontcolor>
    <fontcolor default="identifier" name="mod-annotation-type-declaration">
        <font style="bold"/>
    </fontcolor>
    <fontcolor name="mod-protected"/>
    <fontcolor default="character" name="character-escape-invalid">
        <font style="italic"/>
    </fontcolor>
    <fontcolor default="identifier" name="mod-enum"/>
    <fontcolor default="identifier" foreColor="ff8cdcfe" name="mod-local-variable-declaration"/>
    <fontcolor name="mod-private"/>
    <fontcolor default="identifier" name="mod-enum-declaration">
        <font style="bold"/>
    </fontcolor>
    <fontcolor name="mod-package-private"/>
    <fontcolor default="comment" name="comment"/>
    <fontcolor default="whitespace" name="whitespace"/>
    <fontcolor default="identifier" foreColor="ffdcdcaa" name="mod-constructor"/>
</fontscolors>
