<?xml version="1.0" encoding="UTF-8"?>
<!DOCTYPE fontscolors PUBLIC "-//NetBeans//DTD Editor Fonts and Colors settings 1.2//EN" "https://netbeans.apache.org/dtds/EditorFontsColors-1_2.dtd">
<fontscolors>
    <fontcolor bgColor="ff104664" name="mark-occurrences"/>
    <fontcolor foreColor="white" name="markup-attribute"/>
    <fontcolor name="private"/>
    <fontcolor foreColor="ffce9178" name="string"/>
    <fontcolor bgColor="red" name="deprecated" strikeThrough="darkGray"/>
    <fontcolor foreColor="ff9cdcda" name="error" waveUnderlined="fff48771"/>
    <fontcolor name="interface"/>
    <fontcolor foreColor="pink" name="entity-reference"/>
    <fontcolor foreColor="ffd4d4d4" name="operator"/>
    <fontcolor foreColor="ffb5cea8" name="number"/>
    <fontcolor bgColor="ff1e1e1e" foreColor="white" name="default">
        <font name="Consolas" size="14" style="plain"/>
    </fontcolor>
    <fontcolor name="protected"/>
    <fontcolor name="public"/>
    <fontcolor name="method-parameter">
        <font style="italic"/>
    </fontcolor>
    <fontcolor name="warning" underline="yellow"/>
    <fontcolor foreColor="ff358cd6" name="keyword"/>
    <fontcolor name="class">
        <font style="italic"/>
    </fontcolor>
    <fontcolor name="local-variable"/>
    <fontcolor foreColor="ff4ebb7d" name="identifier"/>
    <fontcolor name="static">
        <font style="italic"/>
    </fontcolor>
    <fontcolor name="method">
        <font style="bold"/>
    </fontcolor>
    <fontcolor name="constructor">
        <font style="bold"/>
    </fontcolor>
    <fontcolor name="markup-element"/>
    <fontcolor default="string" name="markup-attribute-value"/>
    <fontcolor name="abstract"/>
    <fontcolor foreColor="white" name="separator"/>
    <fontcolor name="enum"/>
    <fontcolor name="url" underline="ff4e5d93"/>
    <fontcolor foreColor="ff9cdcfe" name="field"/>
    <fontcolor foreColor="ffc39178" name="char">
        <font size="16" style="plain"/>
    </fontcolor>
    <fontcolor foreColor="ff6a9955" name="comment"/>
    <fontcolor name="unused" waveUnderlined="pink"/>
    <fontcolor name="whitespace"/>
</fontscolors>
